{"best_thresh_baseline": 0.7500000000000002, "best_thresh_bert": 0.9000000000000002}